-- phpMyAdmin SQL Dump
-- version 5.2.0
-- https://www.phpmyadmin.net/
--
-- Host: 127.0.0.1
-- Generation Time: Jun 04, 2025 at 04:53 PM
-- Server version: 10.4.27-MariaDB
-- PHP Version: 8.2.0

SET SQL_MODE = "NO_AUTO_VALUE_ON_ZERO";
START TRANSACTION;
SET time_zone = "+00:00";


/*!40101 SET @OLD_CHARACTER_SET_CLIENT=@@CHARACTER_SET_CLIENT */;
/*!40101 SET @OLD_CHARACTER_SET_RESULTS=@@CHARACTER_SET_RESULTS */;
/*!40101 SET @OLD_COLLATION_CONNECTION=@@COLLATION_CONNECTION */;
/*!40101 SET NAMES utf8mb4 */;

--
-- Database: `aplikasi-manajemen-makan-kantor`
--

-- --------------------------------------------------------

--
-- Table structure for table `failed_jobs`
--

CREATE TABLE `failed_jobs` (
  `id` bigint(20) UNSIGNED NOT NULL,
  `uuid` varchar(255) NOT NULL,
  `connection` text NOT NULL,
  `queue` text NOT NULL,
  `payload` longtext NOT NULL,
  `exception` longtext NOT NULL,
  `failed_at` timestamp NOT NULL DEFAULT current_timestamp()
) ENGINE=InnoDB DEFAULT CHARSET=utf8mb4 COLLATE=utf8mb4_unicode_ci;

-- --------------------------------------------------------

--
-- Table structure for table `menus`
--

CREATE TABLE `menus` (
  `id` bigint(20) UNSIGNED NOT NULL,
  `nama_menu` varchar(255) NOT NULL,
  `category_id` bigint(20) UNSIGNED NOT NULL,
  `vendor_id` bigint(20) UNSIGNED NOT NULL,
  `harga` int(11) DEFAULT NULL,
  `terakhir_dipilih` date DEFAULT NULL,
  `is_active` tinyint(1) NOT NULL DEFAULT 1,
  `created_at` timestamp NULL DEFAULT NULL,
  `updated_at` timestamp NULL DEFAULT NULL
) ENGINE=InnoDB DEFAULT CHARSET=utf8mb4 COLLATE=utf8mb4_unicode_ci;

--
-- Dumping data for table `menus`
--

INSERT INTO `menus` (`id`, `nama_menu`, `category_id`, `vendor_id`, `harga`, `terakhir_dipilih`, `is_active`, `created_at`, `updated_at`) VALUES
(1, 'Soto Kudus', 2, 3, 35000, NULL, 1, '2025-06-04 05:40:43', '2025-06-04 05:40:43'),
(2, 'Soto ayam', 1, 2, 25000, NULL, 1, '2025-06-04 05:41:15', '2025-06-04 05:41:15'),
(3, 'Nasi Rawon', 2, 3, 35000, NULL, 1, '2025-06-04 06:20:28', '2025-06-04 06:20:28'),
(4, 'Nasi empal kangkung bakwan', 4, 1, 20000, NULL, 1, '2025-06-04 06:57:00', '2025-06-04 06:57:00'),
(5, 'Nasi ayam goreng lengkuas dan cah taoge', 1, 1, 25000, NULL, 1, '2025-06-04 06:57:55', '2025-06-04 06:57:55'),
(6, 'Nasi ayam katsu dan sup sayur', 1, 2, 25000, NULL, 1, '2025-06-04 06:59:01', '2025-06-04 06:59:01'),
(7, 'Nasi krengsengan sapi dan tahu cabe garam', 2, 3, 35000, NULL, 1, '2025-06-04 06:59:50', '2025-06-04 06:59:50'),
(8, 'Nasi ikan goreng dan sayur jangan bening', 3, 1, 20000, NULL, 1, '2025-06-04 07:01:28', '2025-06-04 07:01:28'),
(9, 'Nasi Bihun dan Sup Galantin', 1, 1, 20000, NULL, 1, '2025-06-04 07:02:56', '2025-06-04 07:02:56'),
(10, 'Nasi empal, bihun, dan dadar jagung', 2, 3, 37500, NULL, 1, '2025-06-04 07:05:56', '2025-06-04 07:05:56'),
(11, 'Nasi garang asem dan bakwan sayur', 3, 3, 30000, NULL, 1, '2025-06-04 07:07:29', '2025-06-04 07:07:29'),
(12, 'Nasi telur bali dan sayur tewel', 2, 2, 25000, NULL, 1, '2025-06-04 07:09:16', '2025-06-04 07:09:16'),
(13, 'Nasi sapi lada hitam dan sup sayur', 2, 3, 40000, NULL, 1, '2025-06-04 07:16:15', '2025-06-04 07:16:15'),
(14, 'Gudeg', 4, 3, 40000, NULL, 1, '2025-06-04 07:17:15', '2025-06-04 07:17:15'),
(15, 'Nasi empal oseng tahu tempe dan lodeh tewel', 2, 1, 30000, NULL, 1, '2025-06-04 07:17:54', '2025-06-04 07:17:54'),
(16, 'Nasi Bakwan dan kuah telur misua', 4, 1, 20000, NULL, 1, '2025-06-04 07:20:22', '2025-06-04 07:20:22'),
(17, 'Nasi ayam goreng tepung dan sup', 1, 2, 20000, NULL, 1, '2025-06-04 07:21:59', '2025-06-04 07:21:59'),
(18, 'Nasi Ayam Kanton dan Sup Sawi Putih', 1, 3, 40000, NULL, 1, '2025-06-04 07:22:58', '2025-06-04 07:22:58'),
(19, 'Nasi Ayam Goreng Bakwan dan Sayur Asam', 1, 2, 25000, NULL, 1, '2025-06-04 07:23:50', '2025-06-04 07:23:50'),
(20, 'Gadon Sapi dan Bakwan Sayur', 2, 2, 35000, NULL, 1, '2025-06-04 07:24:46', '2025-06-04 07:24:46'),
(21, 'Pindang Kerbau', 2, 2, 30000, NULL, 1, '2025-06-04 07:25:52', '2025-06-04 07:25:52'),
(22, 'Ayam Saus Mentega Tumis Sayur Sawi dan Bihun', 1, 1, 25000, NULL, 1, '2025-06-04 07:26:26', '2025-06-04 07:26:26'),
(23, 'Nasi empal serundeng dan sayur labu', 2, 2, 25000, NULL, 1, '2025-06-04 07:27:28', '2025-06-04 07:27:28'),
(24, 'Gado-gado', 4, 3, 25000, NULL, 1, '2025-06-04 07:28:32', '2025-06-04 07:28:32'),
(25, 'Nasi Sapi Lada Hitam', 2, 3, 30000, NULL, 1, '2025-06-04 07:29:16', '2025-06-04 07:29:16'),
(26, 'Nasi Campur Cumi Gimbal Udang', 3, 3, 30000, NULL, 1, '2025-06-04 07:30:08', '2025-06-04 07:30:08'),
(27, 'Nasi Ayam Bumbu Bali Tahu Bacem', 1, 1, 20000, NULL, 1, '2025-06-04 07:31:29', '2025-06-04 07:31:29'),
(28, 'Spaghetti Katsu dan Sup Wortel Makaroni', 1, 3, 30000, NULL, 1, '2025-06-04 07:32:11', '2025-06-04 07:32:11'),
(29, 'Tahu Telor dan Gimbal Udang', 1, 2, 20000, NULL, 1, '2025-06-04 07:33:08', '2025-06-04 07:33:08'),
(30, 'Selat Solo dan Siomay Goreng', 1, 2, 35000, NULL, 1, '2025-06-04 07:34:06', '2025-06-04 07:34:06'),
(31, 'Ikan Goreng dan Sayur Asem', 3, 1, 20000, NULL, 1, '2025-06-04 07:34:49', '2025-06-04 07:34:49'),
(32, 'Nasi Ayam Kecap dan Tumis Sawi Wortel', 1, 2, 20000, NULL, 1, '2025-06-04 07:35:34', '2025-06-04 07:35:34'),
(33, 'Soto Daging', 2, 2, 27500, NULL, 1, '2025-06-04 07:36:10', '2025-06-04 07:36:10'),
(34, 'Kwetiaw Ayam Katsu dan Sup Kembang Tahu', 1, 2, 20000, NULL, 1, '2025-06-04 07:38:50', '2025-06-04 07:38:50'),
(35, 'Nasi Pecel Empal', 4, 2, 25000, NULL, 1, '2025-06-04 07:39:52', '2025-06-04 07:39:52'),
(36, 'Nasi gandul', 2, 1, 30000, NULL, 1, '2025-06-04 07:40:36', '2025-06-04 07:40:36'),
(37, 'Nasi Kuning', 2, 3, 35000, NULL, 1, '2025-06-04 07:41:38', '2025-06-04 07:41:38'),
(38, 'Gurame Goreng Telur Asin dan Bihun', 3, 3, 35000, NULL, 1, '2025-06-04 07:42:12', '2025-06-04 07:42:12'),
(39, 'Nasi Fuyunghai Tumis Buncis dan Sup Bakso', 1, 1, 20000, NULL, 1, '2025-06-04 07:42:58', '2025-06-04 07:42:58'),
(40, 'Sayur Urap dan Ayam Bakar', 4, 1, 27000, NULL, 1, '2025-06-04 07:43:56', '2025-06-04 07:43:56'),
(41, 'Soto Betawi', 2, 3, 30000, NULL, 1, '2025-06-04 07:44:25', '2025-06-04 07:44:25'),
(42, 'Gurame Asam Manis dan Sayur CapCay', 3, 3, 45000, NULL, 1, '2025-06-04 07:45:10', '2025-06-04 07:45:10'),
(43, 'Nasi Gohyong Bihun dan Sup Bakso', 1, 2, 30000, NULL, 1, '2025-06-04 07:46:13', '2025-06-04 07:46:13'),
(44, 'Nasi Misoa Goreng dan Sup Kol', 4, 2, 20000, NULL, 1, '2025-06-04 07:47:07', '2025-06-04 07:47:07'),
(45, 'Gurame Goreng Tepung dan Sup Jangan Bening', 3, 2, 30000, NULL, 1, '2025-06-04 07:48:37', '2025-06-04 07:48:37'),
(46, 'Sup Matahari', 4, 2, 30000, NULL, 1, '2025-06-04 07:49:19', '2025-06-04 07:49:19'),
(47, 'Mie Goreng Pangsit dan Sayur Sup', 1, 1, 25000, NULL, 1, '2025-06-04 07:49:20', '2025-06-04 07:50:31'),
(48, 'Sapi Cabe Hijau dan Tumis Tahu Tempe', 2, 2, 35000, NULL, 1, '2025-06-04 07:51:33', '2025-06-04 07:51:33'),
(49, 'Bihun Ayam Goreng dan Sup Sayur', 1, 1, 20000, NULL, 1, '2025-06-04 07:52:04', '2025-06-04 07:52:04');

-- --------------------------------------------------------

--
-- Table structure for table `menus_category`
--

CREATE TABLE `menus_category` (
  `id` bigint(20) UNSIGNED NOT NULL,
  `kategori_bahan_utama` varchar(255) NOT NULL,
  `keterangan` varchar(255) DEFAULT NULL,
  `is_active` tinyint(1) NOT NULL DEFAULT 1,
  `created_at` timestamp NULL DEFAULT NULL,
  `updated_at` timestamp NULL DEFAULT NULL
) ENGINE=InnoDB DEFAULT CHARSET=utf8mb4 COLLATE=utf8mb4_unicode_ci;

--
-- Dumping data for table `menus_category`
--

INSERT INTO `menus_category` (`id`, `kategori_bahan_utama`, `keterangan`, `is_active`, `created_at`, `updated_at`) VALUES
(1, 'Poultry', 'Ayam, Bebek, Telur, olahan Sosis, Kornet, dan Nugget', 1, '2025-05-30 01:48:55', '2025-05-30 01:48:55'),
(2, 'Meat', 'Sapi, Kerbau, Kambing', 1, '2025-05-30 01:48:55', '2025-05-30 01:48:55'),
(3, 'Seafood', 'Ikan, Kerang, Cumi-cumi, Kepiting, Udang', 1, '2025-05-30 01:48:55', '2025-05-30 01:48:55'),
(4, 'Plant-based', 'Sayuran (bayam, kangkung, kubis, kol, wortel, selada dll). Olahan Tempe, Tahu', 1, '2025-05-30 01:48:55', '2025-05-30 01:48:55');

-- --------------------------------------------------------

--
-- Table structure for table `menus_component`
--

CREATE TABLE `menus_component` (
  `id` bigint(20) UNSIGNED NOT NULL,
  `nama_komponen` varchar(255) NOT NULL,
  `jenis_komponen` varchar(255) NOT NULL,
  `is_active` tinyint(1) NOT NULL DEFAULT 1,
  `created_at` timestamp NULL DEFAULT NULL,
  `updated_at` timestamp NULL DEFAULT NULL
) ENGINE=InnoDB DEFAULT CHARSET=utf8mb4 COLLATE=utf8mb4_unicode_ci;

--
-- Dumping data for table `menus_component`
--

INSERT INTO `menus_component` (`id`, `nama_komponen`, `jenis_komponen`, `is_active`, `created_at`, `updated_at`) VALUES
(1, 'Nasi Putih', 'Karbohidrat', 1, '2025-04-21 00:46:52', '2025-04-21 00:46:52'),
(2, 'Mie', 'Karbohidrat', 1, '2025-04-21 00:46:52', '2025-04-21 00:46:52'),
(3, 'Jagung', 'Karbohidrat', 1, '2025-04-21 00:46:52', '2025-04-21 00:46:52'),
(4, 'Kentang', 'Karbohidrat', 1, '2025-04-21 00:46:52', '2025-04-21 00:46:52'),
(5, 'Lontong', 'Karbohidrat', 1, '2025-04-21 00:46:52', '2025-04-21 00:46:52'),
(6, 'Ayam', 'Protein', 1, '2025-04-21 00:46:52', '2025-04-21 00:46:52'),
(7, 'Bebek', 'Protein', 1, '2025-04-21 00:46:52', '2025-04-21 00:46:52'),
(8, 'Telur', 'Protein', 1, '2025-04-21 00:46:52', '2025-04-21 00:46:52'),
(9, 'Tahu', 'Protein', 1, '2025-04-21 00:46:52', '2025-04-21 00:46:52'),
(10, 'Tempe', 'Protein', 1, '2025-04-21 00:46:52', '2025-04-21 00:46:52'),
(11, 'Jamur', 'Protein', 1, '2025-04-21 00:46:52', '2025-04-21 00:46:52'),
(12, 'Sapi', 'Protein', 1, '2025-04-21 00:46:52', '2025-04-21 00:46:52'),
(13, 'Sapi', 'Protein', 0, '2025-04-21 00:46:52', '2025-04-21 00:46:52'),
(14, 'Kerbau', 'Protein', 1, '2025-04-21 00:46:52', '2025-04-21 00:46:52'),
(15, 'Kambing', 'Protein', 1, '2025-04-21 00:46:52', '2025-04-21 00:46:52'),
(16, 'Ikan', 'Protein', 1, '2025-04-21 00:46:52', '2025-04-21 00:46:52'),
(17, 'Cumi-cumi', 'Protein', 1, '2025-04-21 00:46:52', '2025-04-21 00:46:52'),
(18, 'Udang', 'Protein', 1, '2025-04-21 00:46:52', '2025-04-21 00:46:52'),
(19, 'Bayam', 'Sayur', 1, '2025-04-21 00:46:52', '2025-04-21 00:46:52'),
(20, 'Kangkung', 'Sayur', 1, '2025-04-21 00:46:52', '2025-04-21 00:46:52'),
(21, 'Sawi', 'Sayur', 1, '2025-04-21 00:46:52', '2025-04-21 00:46:52'),
(22, 'Selada', 'Sayur', 1, '2025-04-21 00:46:52', '2025-04-21 00:46:52'),
(23, 'Kol', 'Sayur', 1, '2025-04-21 00:46:52', '2025-04-21 00:46:52'),
(24, 'Labu', 'Sayur', 1, '2025-04-21 00:46:52', '2025-04-21 00:46:52'),
(25, 'Nangka', 'Sayur', 1, '2025-04-21 00:46:52', '2025-04-21 00:46:52'),
(26, 'Wortel', 'Sayur', 1, '2025-04-21 00:46:52', '2025-04-21 00:46:52'),
(27, 'Kacang Panjang', 'Sayur', 1, '2025-04-21 00:46:52', '2025-04-21 00:46:52'),
(28, 'Buncis', 'Sayur', 1, '2025-04-21 00:46:52', '2025-04-21 00:46:52'),
(29, 'Timun', 'Sayur', 1, '2025-04-21 00:46:52', '2025-04-21 00:46:52'),
(30, 'Brokoli', 'Sayur', 1, '2025-04-21 00:46:52', '2025-04-21 00:46:52'),
(31, 'Kecamba / Taoge', 'Sayur', 1, '2025-04-21 00:46:52', '2025-04-21 00:46:52'),
(32, 'Daun pepaya', 'Sayur', 1, '2025-04-21 00:46:52', '2025-04-21 00:46:52'),
(33, 'Daun singkong', 'Sayur', 1, '2025-04-21 00:46:52', '2025-04-21 00:46:52'),
(34, 'Pepaya', 'Buah', 1, '2025-04-21 00:46:52', '2025-04-21 00:46:52'),
(35, 'Pisang', 'Buah', 1, '2025-04-21 00:46:52', '2025-04-21 00:46:52'),
(36, 'Jeruk', 'Buah', 1, '2025-04-21 00:46:52', '2025-04-21 00:46:52'),
(37, 'Salak', 'Buah', 1, '2025-04-21 00:46:52', '2025-04-21 00:46:52'),
(38, 'Semangka', 'Buah', 1, '2025-04-21 00:46:52', '2025-04-21 00:46:52'),
(39, 'Mangga', 'Buah', 1, '2025-04-21 00:46:52', '2025-04-21 00:46:52'),
(40, 'Pir', 'Buah', 1, '2025-04-21 00:46:52', '2025-04-21 00:46:52'),
(41, 'Apel', 'Buah', 1, '2025-04-21 00:46:52', '2025-04-21 00:46:52'),
(42, 'Jus Mangga', 'Minuman', 1, '2025-04-21 00:46:52', '2025-04-21 00:46:52'),
(43, 'Jus Sirsat', 'Minuman', 1, '2025-04-21 00:46:52', '2025-04-21 00:46:52'),
(44, 'Es Kelapa', 'Minuman', 1, '2025-04-21 00:46:52', '2025-04-21 00:46:52'),
(45, 'Cendol', 'Minuman', 1, '2025-04-21 00:46:52', '2025-04-21 00:46:52'),
(46, 'Es Cao', 'Minuman', 1, '2025-04-21 00:46:52', '2025-04-21 00:46:52'),
(47, 'Jus Jeruk', 'Minuman', 1, '2025-04-21 00:46:52', '2025-04-21 00:46:52'),
(48, 'Gambas', 'Sayur', 1, '2025-04-21 00:46:52', '2025-04-21 00:46:52'),
(49, 'Jus Jambu', 'Minuman', 1, '2025-04-21 00:46:52', '2025-04-21 00:46:52');

-- --------------------------------------------------------

--
-- Table structure for table `menus_deck`
--

CREATE TABLE `menus_deck` (
  `id` bigint(20) UNSIGNED NOT NULL,
  `menu_id` bigint(20) UNSIGNED NOT NULL,
  `total_serve` varchar(255) DEFAULT NULL,
  `harga_menu` int(11) DEFAULT NULL,
  `jumlah_vote` int(11) DEFAULT NULL,
  `status` tinyint(1) NOT NULL DEFAULT 0,
  `tanggal_pelaksanaan` date DEFAULT NULL,
  `is_active` tinyint(1) NOT NULL DEFAULT 1,
  `created_at` timestamp NULL DEFAULT NULL,
  `updated_at` timestamp NULL DEFAULT NULL
) ENGINE=InnoDB DEFAULT CHARSET=utf8mb4 COLLATE=utf8mb4_unicode_ci;

-- --------------------------------------------------------

--
-- Table structure for table `menus_detail`
--

CREATE TABLE `menus_detail` (
  `id` bigint(20) UNSIGNED NOT NULL,
  `menu_id` bigint(20) UNSIGNED NOT NULL,
  `component_id` bigint(20) UNSIGNED NOT NULL,
  `is_active` tinyint(1) NOT NULL DEFAULT 1,
  `created_at` timestamp NULL DEFAULT NULL,
  `updated_at` timestamp NULL DEFAULT NULL
) ENGINE=InnoDB DEFAULT CHARSET=utf8mb4 COLLATE=utf8mb4_unicode_ci;

--
-- Dumping data for table `menus_detail`
--

INSERT INTO `menus_detail` (`id`, `menu_id`, `component_id`, `is_active`, `created_at`, `updated_at`) VALUES
(1, 1, 1, 1, '2025-06-04 05:40:43', '2025-06-04 05:40:43'),
(2, 1, 4, 1, '2025-06-04 05:40:43', '2025-06-04 05:40:43'),
(3, 1, 14, 1, '2025-06-04 05:40:43', '2025-06-04 05:40:43'),
(4, 1, 9, 1, '2025-06-04 05:40:43', '2025-06-04 05:40:43'),
(5, 1, 8, 1, '2025-06-04 05:40:43', '2025-06-04 05:40:43'),
(6, 1, 29, 1, '2025-06-04 05:40:43', '2025-06-04 05:40:43'),
(7, 1, 34, 1, '2025-06-04 05:40:43', '2025-06-04 05:40:43'),
(8, 2, 1, 1, '2025-06-04 05:41:15', '2025-06-04 05:41:15'),
(9, 2, 4, 1, '2025-06-04 05:41:15', '2025-06-04 05:41:15'),
(10, 2, 6, 1, '2025-06-04 05:41:15', '2025-06-04 05:41:15'),
(11, 2, 10, 1, '2025-06-04 05:41:15', '2025-06-04 05:41:15'),
(12, 2, 31, 1, '2025-06-04 05:41:15', '2025-06-04 05:41:15'),
(13, 2, 35, 1, '2025-06-04 05:41:15', '2025-06-04 05:41:15'),
(14, 3, 1, 1, '2025-06-04 06:20:28', '2025-06-04 06:20:28'),
(15, 3, 13, 1, '2025-06-04 06:20:28', '2025-06-04 06:20:28'),
(16, 3, 10, 1, '2025-06-04 06:20:28', '2025-06-04 06:20:28'),
(17, 3, 8, 1, '2025-06-04 06:20:28', '2025-06-04 06:20:28'),
(18, 3, 31, 1, '2025-06-04 06:20:28', '2025-06-04 06:20:28'),
(19, 3, 37, 0, '2025-06-04 06:20:28', '2025-06-04 07:00:27'),
(20, 4, 1, 1, '2025-06-04 06:57:00', '2025-06-04 06:57:00'),
(21, 4, 9, 1, '2025-06-04 06:57:00', '2025-06-04 06:57:00'),
(22, 4, 10, 1, '2025-06-04 06:57:00', '2025-06-04 06:57:00'),
(23, 4, 13, 1, '2025-06-04 06:57:00', '2025-06-04 06:57:00'),
(24, 4, 20, 1, '2025-06-04 06:57:00', '2025-06-04 06:57:00'),
(25, 4, 26, 1, '2025-06-04 06:57:00', '2025-06-04 06:57:00'),
(26, 4, 34, 1, '2025-06-04 06:57:00', '2025-06-04 06:57:00'),
(27, 5, 1, 1, '2025-06-04 06:57:55', '2025-06-04 06:57:55'),
(28, 5, 6, 1, '2025-06-04 06:57:55', '2025-06-04 06:57:55'),
(29, 5, 9, 1, '2025-06-04 06:57:55', '2025-06-04 06:57:55'),
(30, 5, 31, 1, '2025-06-04 06:57:55', '2025-06-04 06:57:55'),
(31, 5, 2, 1, '2025-06-04 06:57:55', '2025-06-04 06:57:55'),
(32, 5, 34, 1, '2025-06-04 06:57:55', '2025-06-04 06:57:55'),
(33, 6, 1, 1, '2025-06-04 06:59:01', '2025-06-04 06:59:01'),
(34, 6, 6, 1, '2025-06-04 06:59:01', '2025-06-04 06:59:01'),
(35, 6, 9, 1, '2025-06-04 06:59:01', '2025-06-04 06:59:01'),
(36, 6, 10, 1, '2025-06-04 06:59:01', '2025-06-04 06:59:01'),
(37, 6, 21, 1, '2025-06-04 06:59:01', '2025-06-04 06:59:01'),
(38, 6, 26, 1, '2025-06-04 06:59:01', '2025-06-04 06:59:01'),
(39, 6, 30, 1, '2025-06-04 06:59:01', '2025-06-04 06:59:01'),
(40, 6, 36, 1, '2025-06-04 06:59:01', '2025-06-04 06:59:01'),
(41, 7, 1, 1, '2025-06-04 06:59:50', '2025-06-04 06:59:50'),
(42, 7, 9, 1, '2025-06-04 06:59:50', '2025-06-04 06:59:50'),
(43, 7, 12, 1, '2025-06-04 06:59:50', '2025-06-04 06:59:50'),
(44, 7, 30, 1, '2025-06-04 06:59:50', '2025-06-04 06:59:50'),
(45, 7, 26, 1, '2025-06-04 06:59:50', '2025-06-04 06:59:50'),
(46, 7, 34, 1, '2025-06-04 06:59:50', '2025-06-04 06:59:50'),
(47, 3, 4, 1, '2025-06-04 07:00:27', '2025-06-04 07:00:27'),
(48, 3, 36, 1, '2025-06-04 07:00:27', '2025-06-04 07:00:27'),
(49, 8, 1, 1, '2025-06-04 07:01:28', '2025-06-04 07:01:28'),
(50, 8, 9, 1, '2025-06-04 07:01:28', '2025-06-04 07:01:28'),
(51, 8, 10, 1, '2025-06-04 07:01:28', '2025-06-04 07:01:28'),
(52, 8, 16, 1, '2025-06-04 07:01:28', '2025-06-04 07:01:28'),
(53, 8, 19, 1, '2025-06-04 07:01:28', '2025-06-04 07:01:28'),
(54, 8, 24, 1, '2025-06-04 07:01:28', '2025-06-04 07:01:28'),
(55, 8, 3, 1, '2025-06-04 07:01:28', '2025-06-04 07:01:28'),
(56, 8, 34, 1, '2025-06-04 07:01:28', '2025-06-04 07:01:28'),
(57, 9, 1, 1, '2025-06-04 07:02:56', '2025-06-04 07:02:56'),
(58, 9, 2, 1, '2025-06-04 07:02:56', '2025-06-04 07:02:56'),
(59, 9, 6, 1, '2025-06-04 07:02:56', '2025-06-04 07:02:56'),
(60, 9, 12, 1, '2025-06-04 07:02:56', '2025-06-04 07:02:56'),
(61, 9, 30, 1, '2025-06-04 07:02:56', '2025-06-04 07:02:56'),
(62, 9, 26, 1, '2025-06-04 07:02:56', '2025-06-04 07:02:56'),
(63, 9, 40, 1, '2025-06-04 07:02:56', '2025-06-04 07:02:56'),
(64, 10, 1, 1, '2025-06-04 07:05:56', '2025-06-04 07:05:56'),
(65, 10, 2, 1, '2025-06-04 07:05:56', '2025-06-04 07:05:56'),
(66, 10, 3, 1, '2025-06-04 07:05:56', '2025-06-04 07:05:56'),
(67, 10, 12, 1, '2025-06-04 07:05:56', '2025-06-04 07:05:56'),
(68, 10, 10, 1, '2025-06-04 07:05:56', '2025-06-04 07:05:56'),
(69, 10, 26, 1, '2025-06-04 07:05:56', '2025-06-04 07:05:56'),
(70, 10, 42, 1, '2025-06-04 07:05:56', '2025-06-04 07:05:56'),
(71, 11, 1, 1, '2025-06-04 07:07:29', '2025-06-04 07:07:29'),
(72, 11, 16, 1, '2025-06-04 07:07:29', '2025-06-04 07:07:29'),
(73, 11, 26, 1, '2025-06-04 07:07:29', '2025-06-04 07:07:29'),
(74, 11, 28, 1, '2025-06-04 07:07:29', '2025-06-04 07:07:29'),
(75, 11, 24, 1, '2025-06-04 07:07:29', '2025-06-04 07:07:29'),
(76, 11, 34, 1, '2025-06-04 07:07:29', '2025-06-04 07:07:29'),
(77, 12, 1, 1, '2025-06-04 07:09:16', '2025-06-04 07:09:16'),
(78, 12, 12, 1, '2025-06-04 07:09:16', '2025-06-04 07:09:16'),
(79, 12, 8, 1, '2025-06-04 07:09:16', '2025-06-04 07:09:16'),
(80, 12, 33, 1, '2025-06-04 07:09:16', '2025-06-04 07:09:16'),
(81, 12, 47, 1, '2025-06-04 07:09:16', '2025-06-04 07:09:16'),
(82, 12, 25, 1, '2025-06-04 07:15:18', '2025-06-04 07:15:18'),
(83, 13, 1, 1, '2025-06-04 07:16:15', '2025-06-04 07:16:15'),
(84, 13, 2, 1, '2025-06-04 07:16:15', '2025-06-04 07:16:15'),
(85, 13, 12, 1, '2025-06-04 07:16:15', '2025-06-04 07:16:15'),
(86, 13, 8, 1, '2025-06-04 07:16:15', '2025-06-04 07:16:15'),
(87, 13, 21, 1, '2025-06-04 07:16:15', '2025-06-04 07:16:15'),
(88, 13, 30, 1, '2025-06-04 07:16:15', '2025-06-04 07:16:15'),
(89, 13, 26, 1, '2025-06-04 07:16:15', '2025-06-04 07:16:15'),
(90, 13, 35, 1, '2025-06-04 07:16:15', '2025-06-04 07:16:15'),
(91, 14, 5, 1, '2025-06-04 07:17:15', '2025-06-04 07:17:15'),
(92, 14, 6, 1, '2025-06-04 07:17:15', '2025-06-04 07:17:15'),
(93, 14, 9, 1, '2025-06-04 07:17:15', '2025-06-04 07:17:15'),
(94, 14, 10, 1, '2025-06-04 07:17:15', '2025-06-04 07:17:15'),
(95, 14, 8, 1, '2025-06-04 07:17:15', '2025-06-04 07:17:15'),
(96, 14, 25, 1, '2025-06-04 07:17:15', '2025-06-04 07:17:15'),
(97, 14, 24, 1, '2025-06-04 07:17:15', '2025-06-04 07:17:15'),
(98, 14, 35, 1, '2025-06-04 07:17:15', '2025-06-04 07:17:15'),
(99, 15, 1, 1, '2025-06-04 07:17:54', '2025-06-04 07:17:54'),
(100, 15, 9, 1, '2025-06-04 07:17:54', '2025-06-04 07:17:54'),
(101, 15, 10, 1, '2025-06-04 07:17:54', '2025-06-04 07:17:54'),
(102, 15, 12, 1, '2025-06-04 07:17:54', '2025-06-04 07:17:54'),
(103, 15, 25, 1, '2025-06-04 07:17:54', '2025-06-04 07:17:54'),
(104, 15, 36, 1, '2025-06-04 07:17:54', '2025-06-04 07:17:54'),
(105, 16, 1, 1, '2025-06-04 07:20:22', '2025-06-04 07:20:22'),
(106, 16, 2, 1, '2025-06-04 07:20:22', '2025-06-04 07:20:22'),
(107, 16, 9, 1, '2025-06-04 07:20:22', '2025-06-04 07:20:22'),
(108, 16, 8, 1, '2025-06-04 07:20:22', '2025-06-04 07:20:22'),
(109, 16, 23, 1, '2025-06-04 07:20:22', '2025-06-04 07:20:22'),
(110, 16, 26, 1, '2025-06-04 07:20:22', '2025-06-04 07:20:22'),
(111, 16, 48, 1, '2025-06-04 07:20:22', '2025-06-04 07:20:22'),
(112, 16, 34, 1, '2025-06-04 07:20:22', '2025-06-04 07:20:22'),
(113, 17, 1, 1, '2025-06-04 07:21:59', '2025-06-04 07:21:59'),
(114, 17, 6, 1, '2025-06-04 07:21:59', '2025-06-04 07:21:59'),
(115, 17, 9, 1, '2025-06-04 07:21:59', '2025-06-04 07:21:59'),
(116, 17, 11, 1, '2025-06-04 07:21:59', '2025-06-04 07:21:59'),
(117, 17, 26, 1, '2025-06-04 07:21:59', '2025-06-04 07:21:59'),
(118, 17, 30, 1, '2025-06-04 07:21:59', '2025-06-04 07:21:59'),
(119, 17, 38, 1, '2025-06-04 07:21:59', '2025-06-04 07:21:59'),
(120, 18, 1, 1, '2025-06-04 07:22:58', '2025-06-04 07:22:58'),
(121, 18, 2, 1, '2025-06-04 07:22:58', '2025-06-04 07:22:58'),
(122, 18, 6, 1, '2025-06-04 07:22:58', '2025-06-04 07:22:58'),
(123, 18, 8, 1, '2025-06-04 07:22:58', '2025-06-04 07:22:58'),
(124, 18, 21, 1, '2025-06-04 07:22:58', '2025-06-04 07:22:58'),
(125, 18, 35, 1, '2025-06-04 07:22:58', '2025-06-04 07:22:58'),
(126, 19, 1, 1, '2025-06-04 07:23:50', '2025-06-04 07:23:50'),
(127, 19, 6, 1, '2025-06-04 07:23:50', '2025-06-04 07:23:50'),
(128, 19, 23, 1, '2025-06-04 07:23:50', '2025-06-04 07:23:50'),
(129, 19, 26, 1, '2025-06-04 07:23:50', '2025-06-04 07:23:50'),
(130, 19, 24, 1, '2025-06-04 07:23:50', '2025-06-04 07:23:50'),
(131, 19, 27, 1, '2025-06-04 07:23:50', '2025-06-04 07:23:50'),
(132, 19, 34, 1, '2025-06-04 07:23:50', '2025-06-04 07:23:50'),
(133, 20, 1, 1, '2025-06-04 07:24:46', '2025-06-04 07:24:46'),
(134, 20, 12, 1, '2025-06-04 07:24:46', '2025-06-04 07:24:46'),
(135, 20, 27, 1, '2025-06-04 07:24:46', '2025-06-04 07:24:46'),
(136, 20, 26, 1, '2025-06-04 07:24:46', '2025-06-04 07:24:46'),
(137, 20, 23, 1, '2025-06-04 07:24:46', '2025-06-04 07:24:46'),
(138, 20, 42, 1, '2025-06-04 07:24:46', '2025-06-04 07:24:46'),
(139, 21, 1, 1, '2025-06-04 07:25:52', '2025-06-04 07:25:52'),
(140, 21, 14, 1, '2025-06-04 07:25:52', '2025-06-04 07:25:52'),
(141, 21, 8, 1, '2025-06-04 07:25:52', '2025-06-04 07:25:52'),
(142, 21, 29, 1, '2025-06-04 07:25:52', '2025-06-04 07:25:52'),
(143, 21, 35, 1, '2025-06-04 07:25:52', '2025-06-04 07:25:52'),
(144, 22, 1, 1, '2025-06-04 07:26:26', '2025-06-04 07:26:26'),
(145, 22, 2, 1, '2025-06-04 07:26:26', '2025-06-04 07:26:26'),
(146, 22, 6, 1, '2025-06-04 07:26:26', '2025-06-04 07:26:26'),
(147, 22, 21, 1, '2025-06-04 07:26:26', '2025-06-04 07:26:26'),
(148, 22, 36, 1, '2025-06-04 07:26:26', '2025-06-04 07:26:26'),
(149, 23, 1, 1, '2025-06-04 07:27:28', '2025-06-04 07:27:28'),
(150, 23, 4, 1, '2025-06-04 07:27:28', '2025-06-04 07:27:28'),
(151, 23, 12, 1, '2025-06-04 07:27:28', '2025-06-04 07:27:28'),
(152, 23, 9, 1, '2025-06-04 07:27:28', '2025-06-04 07:27:28'),
(153, 23, 24, 1, '2025-06-04 07:27:28', '2025-06-04 07:27:28'),
(154, 23, 40, 1, '2025-06-04 07:27:28', '2025-06-04 07:27:28'),
(155, 24, 5, 1, '2025-06-04 07:28:32', '2025-06-04 07:28:32'),
(156, 24, 8, 1, '2025-06-04 07:28:32', '2025-06-04 07:28:32'),
(157, 24, 9, 1, '2025-06-04 07:28:32', '2025-06-04 07:28:32'),
(158, 24, 22, 1, '2025-06-04 07:28:32', '2025-06-04 07:28:32'),
(159, 24, 26, 1, '2025-06-04 07:28:32', '2025-06-04 07:28:32'),
(160, 24, 31, 1, '2025-06-04 07:28:32', '2025-06-04 07:28:32'),
(161, 24, 27, 1, '2025-06-04 07:28:32', '2025-06-04 07:28:32'),
(162, 24, 45, 1, '2025-06-04 07:28:32', '2025-06-04 07:28:32'),
(163, 25, 1, 1, '2025-06-04 07:29:16', '2025-06-04 07:29:16'),
(164, 25, 12, 1, '2025-06-04 07:29:16', '2025-06-04 07:29:16'),
(165, 25, 8, 1, '2025-06-04 07:29:16', '2025-06-04 07:29:16'),
(166, 25, 29, 1, '2025-06-04 07:29:16', '2025-06-04 07:29:16'),
(167, 25, 37, 1, '2025-06-04 07:29:16', '2025-06-04 07:29:16'),
(168, 26, 1, 1, '2025-06-04 07:30:08', '2025-06-04 07:30:08'),
(169, 26, 2, 1, '2025-06-04 07:30:08', '2025-06-04 07:30:08'),
(170, 26, 17, 1, '2025-06-04 07:30:08', '2025-06-04 07:30:08'),
(171, 26, 18, 1, '2025-06-04 07:30:08', '2025-06-04 07:30:08'),
(172, 26, 23, 1, '2025-06-04 07:30:08', '2025-06-04 07:30:08'),
(173, 26, 28, 1, '2025-06-04 07:30:08', '2025-06-04 07:30:08'),
(174, 26, 26, 1, '2025-06-04 07:30:08', '2025-06-04 07:30:08'),
(175, 26, 46, 1, '2025-06-04 07:30:08', '2025-06-04 07:30:08'),
(176, 27, 1, 1, '2025-06-04 07:31:29', '2025-06-04 07:31:29'),
(177, 27, 6, 1, '2025-06-04 07:31:29', '2025-06-04 07:31:29'),
(178, 27, 9, 1, '2025-06-04 07:31:29', '2025-06-04 07:31:29'),
(179, 27, 20, 1, '2025-06-04 07:31:29', '2025-06-04 07:31:29'),
(180, 27, 49, 1, '2025-06-04 07:31:29', '2025-06-04 07:31:29'),
(181, 28, 1, 1, '2025-06-04 07:32:11', '2025-06-04 07:32:11'),
(182, 28, 2, 1, '2025-06-04 07:32:11', '2025-06-04 07:32:11'),
(183, 28, 6, 1, '2025-06-04 07:32:11', '2025-06-04 07:32:11'),
(184, 28, 9, 1, '2025-06-04 07:32:11', '2025-06-04 07:32:11'),
(185, 28, 26, 1, '2025-06-04 07:32:11', '2025-06-04 07:32:11'),
(186, 28, 34, 1, '2025-06-04 07:32:11', '2025-06-04 07:32:11'),
(187, 29, 5, 1, '2025-06-04 07:33:08', '2025-06-04 07:33:08'),
(188, 29, 8, 1, '2025-06-04 07:33:08', '2025-06-04 07:33:08'),
(189, 29, 18, 1, '2025-06-04 07:33:08', '2025-06-04 07:33:08'),
(190, 29, 31, 1, '2025-06-04 07:33:08', '2025-06-04 07:33:08'),
(191, 29, 29, 1, '2025-06-04 07:33:08', '2025-06-04 07:33:08'),
(192, 29, 23, 1, '2025-06-04 07:33:08', '2025-06-04 07:33:08'),
(193, 29, 35, 1, '2025-06-04 07:33:08', '2025-06-04 07:33:08'),
(194, 30, 1, 1, '2025-06-04 07:34:06', '2025-06-04 07:34:06'),
(195, 30, 6, 1, '2025-06-04 07:34:06', '2025-06-04 07:34:06'),
(196, 30, 4, 1, '2025-06-04 07:34:06', '2025-06-04 07:34:06'),
(197, 30, 22, 1, '2025-06-04 07:34:06', '2025-06-04 07:34:06'),
(198, 30, 26, 1, '2025-06-04 07:34:06', '2025-06-04 07:34:06'),
(199, 30, 36, 1, '2025-06-04 07:34:06', '2025-06-04 07:34:06'),
(200, 31, 1, 1, '2025-06-04 07:34:49', '2025-06-04 07:34:49'),
(201, 31, 3, 1, '2025-06-04 07:34:49', '2025-06-04 07:34:49'),
(202, 31, 34, 1, '2025-06-04 07:34:49', '2025-06-04 07:34:49'),
(203, 31, 23, 1, '2025-06-04 07:34:49', '2025-06-04 07:34:49'),
(204, 31, 27, 1, '2025-06-04 07:34:49', '2025-06-04 07:34:49'),
(205, 31, 24, 1, '2025-06-04 07:34:49', '2025-06-04 07:34:49'),
(206, 31, 16, 1, '2025-06-04 07:34:49', '2025-06-04 07:34:49'),
(207, 32, 1, 1, '2025-06-04 07:35:34', '2025-06-04 07:35:34'),
(208, 32, 6, 1, '2025-06-04 07:35:34', '2025-06-04 07:35:34'),
(209, 32, 3, 1, '2025-06-04 07:35:34', '2025-06-04 07:35:34'),
(210, 32, 21, 1, '2025-06-04 07:35:34', '2025-06-04 07:35:34'),
(211, 32, 26, 1, '2025-06-04 07:35:34', '2025-06-04 07:35:34'),
(212, 32, 40, 1, '2025-06-04 07:35:34', '2025-06-04 07:35:34'),
(213, 33, 1, 1, '2025-06-04 07:36:10', '2025-06-04 07:36:10'),
(214, 33, 12, 1, '2025-06-04 07:36:10', '2025-06-04 07:36:10'),
(215, 33, 23, 1, '2025-06-04 07:36:10', '2025-06-04 07:36:10'),
(216, 33, 41, 0, '2025-06-04 07:36:10', '2025-06-04 07:37:15'),
(217, 33, 46, 1, '2025-06-04 07:37:15', '2025-06-04 07:37:15'),
(218, 34, 2, 1, '2025-06-04 07:38:50', '2025-06-04 07:38:50'),
(219, 34, 6, 1, '2025-06-04 07:38:50', '2025-06-04 07:38:50'),
(220, 34, 9, 1, '2025-06-04 07:38:50', '2025-06-04 07:38:50'),
(221, 34, 21, 1, '2025-06-04 07:38:50', '2025-06-04 07:38:50'),
(222, 34, 29, 1, '2025-06-04 07:38:50', '2025-06-04 07:38:50'),
(223, 34, 37, 1, '2025-06-04 07:38:50', '2025-06-04 07:38:50'),
(224, 35, 1, 1, '2025-06-04 07:39:52', '2025-06-04 07:39:52'),
(225, 35, 12, 1, '2025-06-04 07:39:52', '2025-06-04 07:39:52'),
(226, 35, 31, 1, '2025-06-04 07:39:52', '2025-06-04 07:39:52'),
(227, 35, 27, 1, '2025-06-04 07:39:52', '2025-06-04 07:39:52'),
(228, 35, 21, 1, '2025-06-04 07:39:52', '2025-06-04 07:39:52'),
(229, 35, 23, 1, '2025-06-04 07:39:52', '2025-06-04 07:39:52'),
(230, 35, 44, 1, '2025-06-04 07:39:52', '2025-06-04 07:39:52'),
(231, 36, 1, 1, '2025-06-04 07:40:36', '2025-06-04 07:40:36'),
(232, 36, 12, 1, '2025-06-04 07:40:36', '2025-06-04 07:40:36'),
(233, 36, 8, 1, '2025-06-04 07:40:36', '2025-06-04 07:40:36'),
(234, 36, 10, 1, '2025-06-04 07:40:36', '2025-06-04 07:40:36'),
(235, 36, 29, 1, '2025-06-04 07:40:36', '2025-06-04 07:40:36'),
(236, 36, 35, 1, '2025-06-04 07:40:36', '2025-06-04 07:40:36'),
(237, 37, 1, 1, '2025-06-04 07:41:38', '2025-06-04 07:41:38'),
(238, 37, 4, 1, '2025-06-04 07:41:38', '2025-06-04 07:41:38'),
(239, 37, 22, 1, '2025-06-04 07:41:38', '2025-06-04 07:41:38'),
(240, 37, 26, 1, '2025-06-04 07:41:38', '2025-06-04 07:41:38'),
(241, 37, 49, 1, '2025-06-04 07:41:38', '2025-06-04 07:41:38'),
(242, 37, 12, 1, '2025-06-04 07:41:38', '2025-06-04 07:41:38'),
(243, 38, 1, 1, '2025-06-04 07:42:12', '2025-06-04 07:42:12'),
(244, 38, 2, 1, '2025-06-04 07:42:12', '2025-06-04 07:42:12'),
(245, 38, 16, 1, '2025-06-04 07:42:12', '2025-06-04 07:42:12'),
(246, 38, 8, 1, '2025-06-04 07:42:12', '2025-06-04 07:42:12'),
(247, 38, 34, 1, '2025-06-04 07:42:12', '2025-06-04 07:42:12'),
(248, 38, 29, 1, '2025-06-04 07:42:12', '2025-06-04 07:42:12'),
(249, 39, 1, 1, '2025-06-04 07:42:58', '2025-06-04 07:42:58'),
(250, 39, 8, 1, '2025-06-04 07:42:58', '2025-06-04 07:42:58'),
(251, 39, 28, 1, '2025-06-04 07:42:58', '2025-06-04 07:42:58'),
(252, 39, 37, 1, '2025-06-04 07:42:58', '2025-06-04 07:42:58'),
(253, 40, 1, 1, '2025-06-04 07:43:56', '2025-06-04 07:43:56'),
(254, 40, 9, 1, '2025-06-04 07:43:56', '2025-06-04 07:43:56'),
(255, 40, 10, 1, '2025-06-04 07:43:56', '2025-06-04 07:43:56'),
(256, 40, 6, 1, '2025-06-04 07:43:56', '2025-06-04 07:43:56'),
(257, 40, 33, 1, '2025-06-04 07:43:56', '2025-06-04 07:43:56'),
(258, 40, 31, 1, '2025-06-04 07:43:56', '2025-06-04 07:43:56'),
(259, 40, 20, 1, '2025-06-04 07:43:56', '2025-06-04 07:43:56'),
(260, 40, 43, 1, '2025-06-04 07:43:56', '2025-06-04 07:43:56'),
(261, 41, 1, 1, '2025-06-04 07:44:25', '2025-06-04 07:44:25'),
(262, 41, 4, 1, '2025-06-04 07:44:25', '2025-06-04 07:44:25'),
(263, 41, 12, 1, '2025-06-04 07:44:25', '2025-06-04 07:44:25'),
(264, 41, 29, 1, '2025-06-04 07:44:25', '2025-06-04 07:44:25'),
(265, 41, 36, 1, '2025-06-04 07:44:25', '2025-06-04 07:44:25'),
(266, 42, 1, 1, '2025-06-04 07:45:10', '2025-06-04 07:45:10'),
(267, 42, 16, 1, '2025-06-04 07:45:10', '2025-06-04 07:45:10'),
(268, 42, 8, 1, '2025-06-04 07:45:10', '2025-06-04 07:45:10'),
(269, 42, 21, 1, '2025-06-04 07:45:10', '2025-06-04 07:45:10'),
(270, 42, 30, 1, '2025-06-04 07:45:10', '2025-06-04 07:45:10'),
(271, 42, 35, 1, '2025-06-04 07:45:10', '2025-06-04 07:45:10'),
(272, 43, 1, 1, '2025-06-04 07:46:13', '2025-06-04 07:46:13'),
(273, 43, 2, 1, '2025-06-04 07:46:13', '2025-06-04 07:46:13'),
(274, 43, 26, 1, '2025-06-04 07:46:13', '2025-06-04 07:46:13'),
(275, 43, 30, 1, '2025-06-04 07:46:13', '2025-06-04 07:46:13'),
(276, 43, 34, 1, '2025-06-04 07:46:13', '2025-06-04 07:46:13'),
(277, 43, 6, 1, '2025-06-04 07:46:13', '2025-06-04 07:46:13'),
(278, 44, 1, 1, '2025-06-04 07:47:07', '2025-06-04 07:47:07'),
(279, 44, 2, 1, '2025-06-04 07:47:07', '2025-06-04 07:47:07'),
(280, 44, 8, 1, '2025-06-04 07:47:07', '2025-06-04 07:47:07'),
(281, 44, 23, 1, '2025-06-04 07:47:07', '2025-06-04 07:47:07'),
(282, 44, 26, 1, '2025-06-04 07:47:07', '2025-06-04 07:47:07'),
(283, 44, 34, 1, '2025-06-04 07:47:07', '2025-06-04 07:47:07'),
(284, 45, 1, 1, '2025-06-04 07:48:37', '2025-06-04 07:48:37'),
(285, 45, 16, 1, '2025-06-04 07:48:37', '2025-06-04 07:48:37'),
(286, 45, 24, 1, '2025-06-04 07:48:37', '2025-06-04 07:48:37'),
(287, 45, 19, 1, '2025-06-04 07:48:37', '2025-06-04 07:48:37'),
(288, 45, 34, 1, '2025-06-04 07:48:37', '2025-06-04 07:48:37'),
(289, 45, 38, 1, '2025-06-04 07:48:37', '2025-06-04 07:48:37'),
(290, 46, 1, 1, '2025-06-04 07:49:19', '2025-06-04 07:49:19'),
(291, 46, 2, 1, '2025-06-04 07:49:19', '2025-06-04 07:49:19'),
(292, 46, 6, 1, '2025-06-04 07:49:19', '2025-06-04 07:49:19'),
(293, 46, 11, 1, '2025-06-04 07:49:19', '2025-06-04 07:49:19'),
(294, 46, 26, 1, '2025-06-04 07:49:19', '2025-06-04 07:49:19'),
(295, 46, 30, 1, '2025-06-04 07:49:19', '2025-06-04 07:49:19'),
(296, 46, 34, 1, '2025-06-04 07:49:19', '2025-06-04 07:49:19'),
(297, 47, 1, 0, '2025-06-04 07:49:20', '2025-06-04 07:50:31'),
(298, 47, 2, 1, '2025-06-04 07:49:20', '2025-06-04 07:49:20'),
(299, 47, 6, 1, '2025-06-04 07:49:20', '2025-06-04 07:49:20'),
(300, 47, 11, 0, '2025-06-04 07:49:20', '2025-06-04 07:50:31'),
(301, 47, 26, 1, '2025-06-04 07:49:20', '2025-06-04 07:49:20'),
(302, 47, 30, 1, '2025-06-04 07:49:20', '2025-06-04 07:49:20'),
(303, 47, 34, 1, '2025-06-04 07:49:20', '2025-06-04 07:49:20'),
(304, 48, 1, 1, '2025-06-04 07:51:33', '2025-06-04 07:51:33'),
(305, 48, 9, 1, '2025-06-04 07:51:33', '2025-06-04 07:51:33'),
(306, 48, 10, 1, '2025-06-04 07:51:33', '2025-06-04 07:51:33'),
(307, 48, 25, 1, '2025-06-04 07:51:33', '2025-06-04 07:51:33'),
(308, 48, 34, 1, '2025-06-04 07:51:33', '2025-06-04 07:51:33'),
(309, 49, 2, 1, '2025-06-04 07:52:04', '2025-06-04 07:52:04'),
(310, 49, 6, 1, '2025-06-04 07:52:04', '2025-06-04 07:52:04'),
(311, 49, 26, 1, '2025-06-04 07:52:04', '2025-06-04 07:52:04'),
(312, 49, 41, 1, '2025-06-04 07:52:04', '2025-06-04 07:52:04');

-- --------------------------------------------------------

--
-- Table structure for table `menu_deck_expenses`
--

CREATE TABLE `menu_deck_expenses` (
  `id` bigint(20) UNSIGNED NOT NULL,
  `menu_deck_id` bigint(20) UNSIGNED NOT NULL,
  `deskripsi_biaya` varchar(255) NOT NULL,
  `jumlah_biaya` decimal(12,2) NOT NULL,
  `is_active` tinyint(1) NOT NULL DEFAULT 1,
  `created_at` timestamp NULL DEFAULT NULL,
  `updated_at` timestamp NULL DEFAULT NULL
) ENGINE=InnoDB DEFAULT CHARSET=utf8mb4 COLLATE=utf8mb4_unicode_ci;

-- --------------------------------------------------------

--
-- Table structure for table `menu_deck_payments`
--

CREATE TABLE `menu_deck_payments` (
  `id` bigint(20) UNSIGNED NOT NULL,
  `menu_deck_id` bigint(20) UNSIGNED NOT NULL,
  `deskripsi_pembayaran` varchar(255) NOT NULL,
  `jumlah_bayar` decimal(12,2) NOT NULL,
  `tanggal_bayar` date NOT NULL,
  `metode_pembayaran` varchar(255) NOT NULL,
  `file_path` varchar(255) DEFAULT NULL,
  `is_active` tinyint(1) NOT NULL DEFAULT 1,
  `created_at` timestamp NULL DEFAULT NULL,
  `updated_at` timestamp NULL DEFAULT NULL
) ENGINE=InnoDB DEFAULT CHARSET=utf8mb4 COLLATE=utf8mb4_unicode_ci;

-- --------------------------------------------------------

--
-- Table structure for table `migrations`
--

CREATE TABLE `migrations` (
  `id` int(10) UNSIGNED NOT NULL,
  `migration` varchar(255) NOT NULL,
  `batch` int(11) NOT NULL
) ENGINE=InnoDB DEFAULT CHARSET=utf8mb4 COLLATE=utf8mb4_unicode_ci;

--
-- Dumping data for table `migrations`
--

INSERT INTO `migrations` (`id`, `migration`, `batch`) VALUES
(14, '2014_10_12_000000_create_users_table', 1),
(15, '2014_10_12_100000_create_password_reset_tokens_table', 1),
(16, '2019_08_19_000000_create_failed_jobs_table', 1),
(17, '2019_12_14_000001_create_personal_access_tokens_table', 1),
(18, '2025_01_01_000001_create_vendors_table', 1),
(19, '2025_01_01_000002_create_menus_category_table', 1),
(20, '2025_01_01_000003_create_menus_table', 1),
(21, '2025_01_01_000004_create_menus_component_table', 1),
(22, '2025_01_01_000005_create_menus_detail_table', 1),
(23, '2025_01_01_000006_create_menus_deck_table', 1),
(24, '2025_01_01_000007_create_menu_deck_expenses_table', 1),
(25, '2025_01_01_000008_create_menu_deck_payments_table', 1),
(26, '2025_06_02_170150_create_sessions_table', 1);

-- --------------------------------------------------------

--
-- Table structure for table `password_reset_tokens`
--

CREATE TABLE `password_reset_tokens` (
  `email` varchar(255) NOT NULL,
  `token` varchar(255) NOT NULL,
  `created_at` timestamp NULL DEFAULT NULL
) ENGINE=InnoDB DEFAULT CHARSET=utf8mb4 COLLATE=utf8mb4_unicode_ci;

-- --------------------------------------------------------

--
-- Table structure for table `personal_access_tokens`
--

CREATE TABLE `personal_access_tokens` (
  `id` bigint(20) UNSIGNED NOT NULL,
  `tokenable_type` varchar(255) NOT NULL,
  `tokenable_id` bigint(20) UNSIGNED NOT NULL,
  `name` varchar(255) NOT NULL,
  `token` varchar(64) NOT NULL,
  `abilities` text DEFAULT NULL,
  `last_used_at` timestamp NULL DEFAULT NULL,
  `expires_at` timestamp NULL DEFAULT NULL,
  `created_at` timestamp NULL DEFAULT NULL,
  `updated_at` timestamp NULL DEFAULT NULL
) ENGINE=InnoDB DEFAULT CHARSET=utf8mb4 COLLATE=utf8mb4_unicode_ci;

-- --------------------------------------------------------

--
-- Table structure for table `sessions`
--

CREATE TABLE `sessions` (
  `id` varchar(255) NOT NULL,
  `user_id` bigint(20) UNSIGNED DEFAULT NULL,
  `ip_address` varchar(45) DEFAULT NULL,
  `user_agent` text DEFAULT NULL,
  `payload` longtext NOT NULL,
  `last_activity` int(11) NOT NULL
) ENGINE=InnoDB DEFAULT CHARSET=utf8mb4 COLLATE=utf8mb4_unicode_ci;

--
-- Dumping data for table `sessions`
--

INSERT INTO `sessions` (`id`, `user_id`, `ip_address`, `user_agent`, `payload`, `last_activity`) VALUES
('sFnNG18fraVASjoeNOJnKI1zPffzedhPiMrpy5hN', 1, '::1', 'Mozilla/5.0 (Windows NT 10.0; Win64; x64) AppleWebKit/537.36 (KHTML, like Gecko) Chrome/137.0.0.0 Safari/537.36', 'YTo1OntzOjY6Il90b2tlbiI7czo0MDoiMEhIbVFMdTJ4c2hycDdCRHVTQTNOSnZlem5uMHNhQmpNZDZvRW9BdCI7czozOiJ1cmwiO2E6MTp7czo4OiJpbnRlbmRlZCI7czoyNzoiaHR0cDovL2xvY2FsaG9zdDo4MDAwL21lbnVzIjt9czo5OiJfcHJldmlvdXMiO2E6MTp7czozOiJ1cmwiO3M6Mzk6Imh0dHA6Ly9sb2NhbGhvc3Q6ODAwMC9tZW51cy1yZWNvbW1lbmRlciI7fXM6NjoiX2ZsYXNoIjthOjI6e3M6Mzoib2xkIjthOjA6e31zOjM6Im5ldyI7YTowOnt9fXM6NTA6ImxvZ2luX3dlYl81OWJhMzZhZGRjMmIyZjk0MDE1ODBmMDE0YzdmNThlYTRlMzA5ODlkIjtpOjE7fQ==', 1749048739);

-- --------------------------------------------------------

--
-- Table structure for table `users`
--

CREATE TABLE `users` (
  `id` bigint(20) UNSIGNED NOT NULL,
  `name` varchar(255) NOT NULL,
  `email` varchar(255) NOT NULL,
  `email_verified_at` timestamp NULL DEFAULT NULL,
  `password` varchar(255) NOT NULL,
  `remember_token` varchar(100) DEFAULT NULL,
  `created_at` timestamp NULL DEFAULT NULL,
  `updated_at` timestamp NULL DEFAULT NULL
) ENGINE=InnoDB DEFAULT CHARSET=utf8mb4 COLLATE=utf8mb4_unicode_ci;

--
-- Dumping data for table `users`
--

INSERT INTO `users` (`id`, `name`, `email`, `email_verified_at`, `password`, `remember_token`, `created_at`, `updated_at`) VALUES
(1, 'Admin', 'admin@gmail.com', NULL, '$2y$12$GsRPKiY8dXElr6QUDz33u.zBiE23KrpFn3PgZmqKR2ohmp4Uujlqu', NULL, '2025-06-04 05:37:10', '2025-06-04 05:37:10');

-- --------------------------------------------------------

--
-- Table structure for table `vendors`
--

CREATE TABLE `vendors` (
  `id` bigint(20) UNSIGNED NOT NULL,
  `nama` varchar(255) NOT NULL,
  `kontak` varchar(255) NOT NULL,
  `alamat` varchar(255) NOT NULL,
  `email` varchar(255) NOT NULL,
  `penilaian` varchar(255) NOT NULL,
  `keterangan` varchar(255) DEFAULT NULL,
  `is_active` tinyint(1) NOT NULL DEFAULT 1,
  `created_at` timestamp NULL DEFAULT NULL,
  `updated_at` timestamp NULL DEFAULT NULL
) ENGINE=InnoDB DEFAULT CHARSET=utf8mb4 COLLATE=utf8mb4_unicode_ci;

--
-- Dumping data for table `vendors`
--

INSERT INTO `vendors` (`id`, `nama`, `kontak`, `alamat`, `email`, `penilaian`, `keterangan`, `is_active`, `created_at`, `updated_at`) VALUES
(1, 'Vendor 1', '08123456789', 'Alamat Vendor 1', 'vendor1@gmail.com', '3.5', NULL, 1, '2025-06-04 05:37:34', '2025-06-04 05:37:34'),
(2, 'Vendor 2', '081234567891', 'Alamat Vendor 2', 'vendor2@gmail.com', '4', NULL, 1, '2025-06-04 05:37:50', '2025-06-04 05:37:50'),
(3, 'Vendor 3', '0812345678912', 'Alamat Vendor 3', 'vendor3@gmail.com', '4', NULL, 1, '2025-06-04 05:38:03', '2025-06-04 05:38:03');

--
-- Indexes for dumped tables
--

--
-- Indexes for table `failed_jobs`
--
ALTER TABLE `failed_jobs`
  ADD PRIMARY KEY (`id`),
  ADD UNIQUE KEY `failed_jobs_uuid_unique` (`uuid`);

--
-- Indexes for table `menus`
--
ALTER TABLE `menus`
  ADD PRIMARY KEY (`id`),
  ADD KEY `menus_category_id_foreign` (`category_id`),
  ADD KEY `menus_vendor_id_foreign` (`vendor_id`);

--
-- Indexes for table `menus_category`
--
ALTER TABLE `menus_category`
  ADD PRIMARY KEY (`id`);

--
-- Indexes for table `menus_component`
--
ALTER TABLE `menus_component`
  ADD PRIMARY KEY (`id`);

--
-- Indexes for table `menus_deck`
--
ALTER TABLE `menus_deck`
  ADD PRIMARY KEY (`id`),
  ADD KEY `menus_deck_menu_id_foreign` (`menu_id`);

--
-- Indexes for table `menus_detail`
--
ALTER TABLE `menus_detail`
  ADD PRIMARY KEY (`id`),
  ADD KEY `menus_detail_menu_id_foreign` (`menu_id`),
  ADD KEY `menus_detail_component_id_foreign` (`component_id`);

--
-- Indexes for table `menu_deck_expenses`
--
ALTER TABLE `menu_deck_expenses`
  ADD PRIMARY KEY (`id`),
  ADD KEY `menu_deck_expenses_menu_deck_id_foreign` (`menu_deck_id`);

--
-- Indexes for table `menu_deck_payments`
--
ALTER TABLE `menu_deck_payments`
  ADD PRIMARY KEY (`id`),
  ADD KEY `menu_deck_payments_menu_deck_id_foreign` (`menu_deck_id`);

--
-- Indexes for table `migrations`
--
ALTER TABLE `migrations`
  ADD PRIMARY KEY (`id`);

--
-- Indexes for table `password_reset_tokens`
--
ALTER TABLE `password_reset_tokens`
  ADD PRIMARY KEY (`email`);

--
-- Indexes for table `personal_access_tokens`
--
ALTER TABLE `personal_access_tokens`
  ADD PRIMARY KEY (`id`),
  ADD UNIQUE KEY `personal_access_tokens_token_unique` (`token`),
  ADD KEY `personal_access_tokens_tokenable_type_tokenable_id_index` (`tokenable_type`,`tokenable_id`);

--
-- Indexes for table `sessions`
--
ALTER TABLE `sessions`
  ADD PRIMARY KEY (`id`),
  ADD KEY `sessions_user_id_index` (`user_id`),
  ADD KEY `sessions_last_activity_index` (`last_activity`);

--
-- Indexes for table `users`
--
ALTER TABLE `users`
  ADD PRIMARY KEY (`id`),
  ADD UNIQUE KEY `users_email_unique` (`email`);

--
-- Indexes for table `vendors`
--
ALTER TABLE `vendors`
  ADD PRIMARY KEY (`id`);

--
-- AUTO_INCREMENT for dumped tables
--

--
-- AUTO_INCREMENT for table `failed_jobs`
--
ALTER TABLE `failed_jobs`
  MODIFY `id` bigint(20) UNSIGNED NOT NULL AUTO_INCREMENT;

--
-- AUTO_INCREMENT for table `menus`
--
ALTER TABLE `menus`
  MODIFY `id` bigint(20) UNSIGNED NOT NULL AUTO_INCREMENT, AUTO_INCREMENT=50;

--
-- AUTO_INCREMENT for table `menus_category`
--
ALTER TABLE `menus_category`
  MODIFY `id` bigint(20) UNSIGNED NOT NULL AUTO_INCREMENT, AUTO_INCREMENT=5;

--
-- AUTO_INCREMENT for table `menus_component`
--
ALTER TABLE `menus_component`
  MODIFY `id` bigint(20) UNSIGNED NOT NULL AUTO_INCREMENT, AUTO_INCREMENT=50;

--
-- AUTO_INCREMENT for table `menus_deck`
--
ALTER TABLE `menus_deck`
  MODIFY `id` bigint(20) UNSIGNED NOT NULL AUTO_INCREMENT;

--
-- AUTO_INCREMENT for table `menus_detail`
--
ALTER TABLE `menus_detail`
  MODIFY `id` bigint(20) UNSIGNED NOT NULL AUTO_INCREMENT, AUTO_INCREMENT=313;

--
-- AUTO_INCREMENT for table `menu_deck_expenses`
--
ALTER TABLE `menu_deck_expenses`
  MODIFY `id` bigint(20) UNSIGNED NOT NULL AUTO_INCREMENT;

--
-- AUTO_INCREMENT for table `menu_deck_payments`
--
ALTER TABLE `menu_deck_payments`
  MODIFY `id` bigint(20) UNSIGNED NOT NULL AUTO_INCREMENT;

--
-- AUTO_INCREMENT for table `migrations`
--
ALTER TABLE `migrations`
  MODIFY `id` int(10) UNSIGNED NOT NULL AUTO_INCREMENT, AUTO_INCREMENT=27;

--
-- AUTO_INCREMENT for table `personal_access_tokens`
--
ALTER TABLE `personal_access_tokens`
  MODIFY `id` bigint(20) UNSIGNED NOT NULL AUTO_INCREMENT;

--
-- AUTO_INCREMENT for table `users`
--
ALTER TABLE `users`
  MODIFY `id` bigint(20) UNSIGNED NOT NULL AUTO_INCREMENT, AUTO_INCREMENT=2;

--
-- AUTO_INCREMENT for table `vendors`
--
ALTER TABLE `vendors`
  MODIFY `id` bigint(20) UNSIGNED NOT NULL AUTO_INCREMENT, AUTO_INCREMENT=4;

--
-- Constraints for dumped tables
--

--
-- Constraints for table `menus`
--
ALTER TABLE `menus`
  ADD CONSTRAINT `menus_category_id_foreign` FOREIGN KEY (`category_id`) REFERENCES `menus_category` (`id`),
  ADD CONSTRAINT `menus_vendor_id_foreign` FOREIGN KEY (`vendor_id`) REFERENCES `vendors` (`id`) ON DELETE CASCADE;

--
-- Constraints for table `menus_deck`
--
ALTER TABLE `menus_deck`
  ADD CONSTRAINT `menus_deck_menu_id_foreign` FOREIGN KEY (`menu_id`) REFERENCES `menus` (`id`) ON DELETE CASCADE;

--
-- Constraints for table `menus_detail`
--
ALTER TABLE `menus_detail`
  ADD CONSTRAINT `menus_detail_component_id_foreign` FOREIGN KEY (`component_id`) REFERENCES `menus_component` (`id`),
  ADD CONSTRAINT `menus_detail_menu_id_foreign` FOREIGN KEY (`menu_id`) REFERENCES `menus` (`id`) ON DELETE CASCADE;

--
-- Constraints for table `menu_deck_expenses`
--
ALTER TABLE `menu_deck_expenses`
  ADD CONSTRAINT `menu_deck_expenses_menu_deck_id_foreign` FOREIGN KEY (`menu_deck_id`) REFERENCES `menus_deck` (`id`) ON DELETE CASCADE;

--
-- Constraints for table `menu_deck_payments`
--
ALTER TABLE `menu_deck_payments`
  ADD CONSTRAINT `menu_deck_payments_menu_deck_id_foreign` FOREIGN KEY (`menu_deck_id`) REFERENCES `menus_deck` (`id`);
COMMIT;

/*!40101 SET CHARACTER_SET_CLIENT=@OLD_CHARACTER_SET_CLIENT */;
/*!40101 SET CHARACTER_SET_RESULTS=@OLD_CHARACTER_SET_RESULTS */;
/*!40101 SET COLLATION_CONNECTION=@OLD_COLLATION_CONNECTION */;
